,Row ID,Order ID,Order Date,Ship Date,Ship Mode,Customer ID,Customer Name,Segment,Country,City,State,Postal Code,Region,Product ID,Category,Sub-Category,Product Name,Sales,Quantity,Discount,Profit,Year,Month
7980,7981,CA-2015-103800,2015-01-03,2015-01-07,Standard Class,DP-13000,Darren Powers,Consumer,United States,Houston,Texas,77095.0,Central,OFF-PA-10000174,Office Supplies,Paper,"Message Book, Wirebound, Four 5 1/2"" X 4"" Forms/Pg., 200 Dupl. Sets/Book",16.448,2,0.2,5.551199999999998,2015,1
739,740,CA-2015-112326,2015-01-04,2015-01-08,Standard Class,PO-19195,Phillina Ober,Home Office,United States,Naperville,Illinois,60540.0,Central,OFF-LA-10003223,Office Supplies,Labels,Avery 508,11.784,3,0.2,4.271699999999999,2015,1
740,741,CA-2015-112326,2015-01-04,2015-01-08,Standard Class,PO-19195,Phillina Ober,Home Office,United States,Naperville,Illinois,60540.0,Central,OFF-ST-10002743,Office Supplies,Storage,SAFCO Boltless Steel Shelving,272.736,3,0.2,-64.77480000000001,2015,1
741,742,CA-2015-112326,2015-01-04,2015-01-08,Standard Class,PO-19195,Phillina Ober,Home Office,United States,Naperville,Illinois,60540.0,Central,OFF-BI-10004094,Office Supplies,Binders,GBC Standard Plastic Binding Systems Combs,3.539999999999999,2,0.8,-5.487,2015,1
1759,1760,CA-2015-141817,2015-01-05,2015-01-12,Standard Class,MB-18085,Mick Brown,Consumer,United States,Philadelphia,Pennsylvania,19143.0,East,OFF-AR-10003478,Office Supplies,Art,"Avery Hi-Liter EverBold Pen Style Fluorescent Highlighters, 4/Pack",19.536,3,0.2,4.884,2015,1
7476,7477,CA-2015-167199,2015-01-06,2015-01-10,Standard Class,ME-17320,Maria Etezadi,Home Office,United States,Henderson,Kentucky,42420.0,South,OFF-AR-10001662,Office Supplies,Art,Rogers Handheld Barrel Pencil Sharpener,5.48,2,0.0,1.4796000000000005,2015,1
7474,7475,CA-2015-167199,2015-01-06,2015-01-10,Standard Class,ME-17320,Maria Etezadi,Home Office,United States,Henderson,Kentucky,42420.0,South,FUR-CH-10004063,Furniture,Chairs,Global Deluxe High-Back Manager's Chair,2573.82,9,0.0,746.4077999999997,2015,1
7475,7476,CA-2015-167199,2015-01-06,2015-01-10,Standard Class,ME-17320,Maria Etezadi,Home Office,United States,Henderson,Kentucky,42420.0,South,OFF-BI-10004632,Office Supplies,Binders,Ibico Hi-Tech Manual Binding System,609.98,2,0.0,274.491,2015,1
7180,7181,CA-2015-106054,2015-01-06,2015-01-07,First Class,JO-15145,Jack O'Briant,Corporate,United States,Athens,Georgia,30605.0,South,OFF-AR-10002399,Office Supplies,Art,"Dixon Prang Watercolor Pencils, 10-Color Set with Brush",12.78,3,0.0,5.2398,2015,1
7477,7478,CA-2015-167199,2015-01-06,2015-01-10,Standard Class,ME-17320,Maria Etezadi,Home Office,United States,Henderson,Kentucky,42420.0,South,TEC-PH-10004977,Technology,Phones,GE 30524EE4,391.98,2,0.0,113.67419999999998,2015,1
7478,7479,CA-2015-167199,2015-01-06,2015-01-10,Standard Class,ME-17320,Maria Etezadi,Home Office,United States,Henderson,Kentucky,42420.0,South,TEC-PH-10004539,Technology,Phones,Wireless Extenders zBoost YX545 SOHO Signal Booster,755.96,4,0.0,204.1092,2015,1
7479,7480,CA-2015-167199,2015-01-06,2015-01-10,Standard Class,ME-17320,Maria Etezadi,Home Office,United States,Henderson,Kentucky,42420.0,South,OFF-FA-10001883,Office Supplies,Fasteners,"Alliance Super-Size Bands, Assorted Sizes",31.12,4,0.0,0.3111999999999995,2015,1
7480,7481,CA-2015-167199,2015-01-06,2015-01-10,Standard Class,ME-17320,Maria Etezadi,Home Office,United States,Henderson,Kentucky,42420.0,South,OFF-PA-10000955,Office Supplies,Paper,Southworth 25% Cotton Granite Paper & Envelopes,6.54,1,0.0,3.0084,2015,1
5327,5328,CA-2015-130813,2015-01-06,2015-01-08,Second Class,LS-17230,Lycoris Saunders,Consumer,United States,Los Angeles,California,90049.0,West,OFF-PA-10002005,Office Supplies,Paper,Xerox 225,19.44,3,0.0,9.3312,2015,1
7660,7661,CA-2015-105417,2015-01-07,2015-01-12,Standard Class,VS-21820,Vivek Sundaresam,Consumer,United States,Huntsville,Texas,77340.0,Central,FUR-FU-10004864,Furniture,Furnishings,"Howard Miller 14-1/2"" Diameter Chrome Round Wall Clock",76.72800000000001,3,0.6,-53.70959999999999,2015,1
7661,7662,CA-2015-105417,2015-01-07,2015-01-12,Standard Class,VS-21820,Vivek Sundaresam,Consumer,United States,Huntsville,Texas,77340.0,Central,OFF-BI-10003708,Office Supplies,Binders,"Acco Four Pocket Poly Ring Binder with Label Holder, Smoke, 1""",10.429999999999998,7,0.8,-18.252500000000005,2015,1
592,593,CA-2015-135405,2015-01-09,2015-01-13,Standard Class,MS-17830,Melanie Seite,Consumer,United States,Laredo,Texas,78041.0,Central,OFF-AR-10004078,Office Supplies,Art,Newell 312,9.344,2,0.2,1.1679999999999997,2015,1
593,594,CA-2015-135405,2015-01-09,2015-01-13,Standard Class,MS-17830,Melanie Seite,Consumer,United States,Laredo,Texas,78041.0,Central,TEC-AC-10001266,Technology,Accessories,Memorex Micro Travel Drive 8 GB,31.200000000000003,3,0.2,9.749999999999996,2015,1
866,867,CA-2015-149020,2015-01-10,2015-01-15,Standard Class,AJ-10780,Anthony Jacobs,Corporate,United States,Springfield,Virginia,22153.0,South,FUR-FU-10000965,Furniture,Furnishings,"Howard Miller 11-1/2"" Diameter Ridgewood Wall Clock",51.94,1,0.0,21.2954,2015,1
865,866,CA-2015-149020,2015-01-10,2015-01-15,Standard Class,AJ-10780,Anthony Jacobs,Corporate,United States,Springfield,Virginia,22153.0,South,OFF-LA-10004272,Office Supplies,Labels,Avery 482,2.89,1,0.0,1.3583,2015,1
716,717,CA-2015-130092,2015-01-11,2015-01-14,First Class,SV-20365,Seth Vernon,Consumer,United States,Dover,Delaware,19901.0,East,FUR-FU-10000010,Furniture,Furnishings,"DAX Value U-Channel Document Frames, Easel Back",9.94,2,0.0,3.0813999999999995,2015,1
767,768,CA-2015-162775,2015-01-13,2015-01-15,Second Class,CS-12250,Chris Selesnick,Corporate,United States,Bossier City,Louisiana,71111.0,South,OFF-ST-10000025,Office Supplies,Storage,Fellowes Stor/Drawer Steel Plus Storage Drawers,572.58,6,0.0,34.354799999999955,2015,1
766,767,CA-2015-162775,2015-01-13,2015-01-15,Second Class,CS-12250,Chris Selesnick,Corporate,United States,Bossier City,Louisiana,71111.0,South,OFF-BI-10004187,Office Supplies,Binders,3-ring staple pack,5.64,3,0.0,2.7071999999999994,2015,1
4939,4940,CA-2015-157147,2015-01-13,2015-01-18,Standard Class,BD-11605,Brian Dahlen,Consumer,United States,San Francisco,California,94109.0,West,OFF-AR-10003514,Office Supplies,Art,4009 Highlighters by Sanford,19.9,5,0.0,6.566999999999998,2015,1
9629,9630,CA-2015-118192,2015-01-13,2015-01-18,Standard Class,MM-17920,Michael Moore,Consumer,United States,Newark,Ohio,43055.0,East,OFF-BI-10003476,Office Supplies,Binders,Avery Metallic Poly Binders,3.4380000000000006,2,0.7,-2.5212000000000003,2015,1
4937,4938,CA-2015-157147,2015-01-13,2015-01-18,Standard Class,BD-11605,Brian Dahlen,Consumer,United States,San Francisco,California,94109.0,West,OFF-ST-10000078,Office Supplies,Storage,Tennsco 6- and 18-Compartment Lockers,1325.8500000000001,5,0.0,238.6529999999999,2015,1
9628,9629,CA-2015-118192,2015-01-13,2015-01-18,Standard Class,MM-17920,Michael Moore,Consumer,United States,Newark,Ohio,43055.0,East,OFF-PA-10002947,Office Supplies,Paper,Xerox 1923,37.408,7,0.2,13.0928,2015,1
763,764,CA-2015-162775,2015-01-13,2015-01-15,Second Class,CS-12250,Chris Selesnick,Corporate,United States,Bossier City,Louisiana,71111.0,South,OFF-EN-10001990,Office Supplies,Envelopes,Staple envelope,11.36,2,0.0,5.339199999999999,2015,1
2978,2979,CA-2015-109232,2015-01-13,2015-01-16,Second Class,ND-18370,Natalie DeCherney,Consumer,United States,Mount Pleasant,South Carolina,29464.0,South,FUR-CH-10000422,Furniture,Chairs,Global Highback Leather Tilter in Burgundy,545.9399999999999,6,0.0,87.35040000000004,2015,1
4938,4939,CA-2015-157147,2015-01-13,2015-01-18,Standard Class,BD-11605,Brian Dahlen,Consumer,United States,San Francisco,California,94109.0,West,FUR-BO-10003034,Furniture,Bookcases,"O'Sullivan Elevations Bookcase, Cherry Finish",333.99899999999997,3,0.15,3.929400000000008,2015,1
764,765,CA-2015-162775,2015-01-13,2015-01-15,Second Class,CS-12250,Chris Selesnick,Corporate,United States,Bossier City,Louisiana,71111.0,South,OFF-EN-10001532,Office Supplies,Envelopes,Brown Kraft Recycled Envelopes,50.94,3,0.0,25.47,2015,1
765,766,CA-2015-162775,2015-01-13,2015-01-15,Second Class,CS-12250,Chris Selesnick,Corporate,United States,Bossier City,Louisiana,71111.0,South,TEC-AC-10003174,Technology,Accessories,Plantronics S12 Corded Telephone Headset System,646.74,6,0.0,258.696,2015,1
6474,6475,CA-2015-149524,2015-01-14,2015-01-15,First Class,BS-11590,Brendan Sweed,Corporate,United States,Philadelphia,Pennsylvania,19140.0,East,FUR-BO-10003433,Furniture,Bookcases,Sauder Cornerstone Collection Library,61.96,4,0.5,-53.28560000000001,2015,1
1913,1914,CA-2015-103366,2015-01-15,2015-01-17,First Class,EH-13990,Erica Hackney,Consumer,United States,Roswell,Georgia,30076.0,South,TEC-AC-10003628,Technology,Accessories,Logitech 910-002974 M325 Wireless Mouse for Web Scrolling,149.95,5,0.0,65.97800000000001,2015,1
973,974,CA-2015-115791,2015-01-16,2015-01-18,Second Class,DL-13315,Delfina Latchford,Consumer,United States,Philadelphia,Pennsylvania,19134.0,East,OFF-LA-10001074,Office Supplies,Labels,Round Specialty Laser Printer Labels,30.072000000000003,3,0.2,10.149299999999997,2015,1
970,971,CA-2015-115791,2015-01-16,2015-01-18,Second Class,DL-13315,Delfina Latchford,Consumer,United States,Philadelphia,Pennsylvania,19134.0,East,FUR-FU-10001095,Furniture,Furnishings,DAX Black Cherry Wood-Tone Poster Frame,127.10400000000001,6,0.2,28.598399999999998,2015,1
971,972,CA-2015-115791,2015-01-16,2015-01-18,Second Class,DL-13315,Delfina Latchford,Consumer,United States,Philadelphia,Pennsylvania,19134.0,East,TEC-PH-10004614,Technology,Phones,AT&T 841000 Phone,124.19999999999999,3,0.4,-31.05000000000001,2015,1
972,973,CA-2015-115791,2015-01-16,2015-01-18,Second Class,DL-13315,Delfina Latchford,Consumer,United States,Philadelphia,Pennsylvania,19134.0,East,OFF-BI-10001575,Office Supplies,Binders,GBC Linen Binding Covers,18.588000000000005,2,0.7,-13.6312,2015,1
5364,5365,CA-2015-123477,2015-01-18,2015-01-21,Second Class,DW-13195,David Wiener,Corporate,United States,Springfield,Oregon,97477.0,West,OFF-AP-10000692,Office Supplies,Appliances,Fellowes Mighty 8 Compact Surge Protector,64.864,4,0.2,6.486400000000003,2015,1
5462,5463,CA-2015-146591,2015-01-19,2015-01-20,First Class,TS-21340,Toby Swindell,Consumer,United States,Scottsdale,Arizona,85254.0,West,OFF-BI-10003676,Office Supplies,Binders,"GBC Standard Recycled Report Covers, Clear Plastic Sheets",32.34,10,0.7,-23.716,2015,1
5463,5464,CA-2015-146591,2015-01-19,2015-01-20,First Class,TS-21340,Toby Swindell,Consumer,United States,Scottsdale,Arizona,85254.0,West,OFF-PA-10000659,Office Supplies,Paper,"TOPS Carbonless Receipt Book, Four 2-3/4 x 7-1/4 Money Receipts per Page",56.064,4,0.2,19.6224,2015,1
5464,5465,CA-2015-146591,2015-01-19,2015-01-20,First Class,TS-21340,Toby Swindell,Consumer,United States,Scottsdale,Arizona,85254.0,West,OFF-EN-10002504,Office Supplies,Envelopes,"Tyvek  Top-Opening Peel & Seel Envelopes, Plain White",108.72,5,0.2,36.693,2015,1
5465,5466,CA-2015-146591,2015-01-19,2015-01-20,First Class,TS-21340,Toby Swindell,Consumer,United States,Scottsdale,Arizona,85254.0,West,FUR-BO-10001972,Furniture,Bookcases,O'Sullivan 4-Shelf Bookcase in Odessa Pine,181.47000000000003,5,0.7,-320.597,2015,1
6332,6333,CA-2015-167927,2015-01-20,2015-01-26,Standard Class,XP-21865,Xylona Preis,Consumer,United States,Westland,Michigan,48185.0,Central,FUR-FU-10002268,Furniture,Furnishings,Ultra Door Push Plate,14.73,3,0.0,4.860899999999999,2015,1
6333,6334,CA-2015-167927,2015-01-20,2015-01-26,Standard Class,XP-21865,Xylona Preis,Consumer,United States,Westland,Michigan,48185.0,Central,OFF-BI-10004364,Office Supplies,Binders,Storex Dura Pro Binders,29.700000000000003,5,0.0,13.365,2015,1
5736,5737,CA-2015-148614,2015-01-20,2015-01-25,Standard Class,MV-17485,Mark Van Huff,Consumer,United States,Los Angeles,California,90049.0,West,OFF-PA-10002893,Office Supplies,Paper,"Wirebound Service Call Books, 5 1/2"" x 4""",19.36,2,0.0,9.2928,2015,1
7120,7121,US-2015-147774,2015-01-20,2015-01-26,Standard Class,MM-18280,Muhammed MacIntyre,Corporate,United States,Smyrna,Tennessee,37167.0,South,OFF-BI-10003091,Office Supplies,Binders,GBC DocuBind TL200 Manual Binding Machine,67.194,1,0.7,-51.515399999999985,2015,1
6331,6332,CA-2015-167927,2015-01-20,2015-01-26,Standard Class,XP-21865,Xylona Preis,Consumer,United States,Westland,Michigan,48185.0,Central,OFF-AR-10004456,Office Supplies,Art,Panasonic KP-4ABK Battery-Operated Pencil Sharpener,43.92,3,0.0,12.736799999999999,2015,1
1123,1124,US-2015-147627,2015-01-20,2015-01-26,Standard Class,HL-15040,Hunter Lopez,Consumer,United States,Jonesboro,Arkansas,72401.0,South,FUR-FU-10003194,Furniture,Furnishings,"Eldon Expressions Desk Accessory, Wood Pencil Holder, Oak",38.6,4,0.0,11.579999999999998,2015,1
1124,1125,US-2015-147627,2015-01-20,2015-01-26,Standard Class,HL-15040,Hunter Lopez,Consumer,United States,Jonesboro,Arkansas,72401.0,South,OFF-AR-10003811,Office Supplies,Art,Newell 327,6.63,3,0.0,1.7901,2015,1
6330,6331,CA-2015-167927,2015-01-20,2015-01-26,Standard Class,XP-21865,Xylona Preis,Consumer,United States,Westland,Michigan,48185.0,Central,OFF-ST-10003123,Office Supplies,Storage,Fellowes Bases and Tops For Staxonsteel/High-Stak Systems,66.58,2,0.0,15.979199999999999,2015,1
1126,1127,US-2015-147627,2015-01-20,2015-01-26,Standard Class,HL-15040,Hunter Lopez,Consumer,United States,Jonesboro,Arkansas,72401.0,South,FUR-CH-10002331,Furniture,Chairs,Hon 4700 Series Mobuis Mid-Back Task Chairs with Adjustable Arms,1067.94,3,0.0,224.2673999999999,2015,1
6328,6329,CA-2015-167927,2015-01-20,2015-01-26,Standard Class,XP-21865,Xylona Preis,Consumer,United States,Westland,Michigan,48185.0,Central,OFF-BI-10000605,Office Supplies,Binders,"Acco Pressboard Covers with Storage Hooks, 9 1/2"" x 11"", Executive Red",19.05,5,0.0,8.953499999999998,2015,1
6327,6328,CA-2015-167927,2015-01-20,2015-01-26,Standard Class,XP-21865,Xylona Preis,Consumer,United States,Westland,Michigan,48185.0,Central,FUR-FU-10002918,Furniture,Furnishings,Eldon ClusterMat Chair Mat with Cordless Antistatic Protection,272.94,3,0.0,30.02340000000001,2015,1
6326,6327,CA-2015-167927,2015-01-20,2015-01-26,Standard Class,XP-21865,Xylona Preis,Consumer,United States,Westland,Michigan,48185.0,Central,OFF-ST-10000760,Office Supplies,Storage,Eldon Fold 'N Roll Cart System,13.98,1,0.0,4.0542,2015,1
1125,1126,US-2015-147627,2015-01-20,2015-01-26,Standard Class,HL-15040,Hunter Lopez,Consumer,United States,Jonesboro,Arkansas,72401.0,South,OFF-EN-10001539,Office Supplies,Envelopes,Staple envelope,23.34,3,0.0,10.9698,2015,1
1122,1123,US-2015-147627,2015-01-20,2015-01-26,Standard Class,HL-15040,Hunter Lopez,Consumer,United States,Jonesboro,Arkansas,72401.0,South,OFF-AR-10002375,Office Supplies,Art,Newell 351,22.959999999999997,7,0.0,6.658399999999997,2015,1
5737,5738,CA-2015-148614,2015-01-20,2015-01-25,Standard Class,MV-17485,Mark Van Huff,Consumer,United States,Los Angeles,California,90049.0,West,FUR-FU-10003194,Furniture,Furnishings,"Eldon Expressions Desk Accessory, Wood Pencil Holder, Oak",19.3,2,0.0,5.789999999999999,2015,1
6329,6330,CA-2015-167927,2015-01-20,2015-01-26,Standard Class,XP-21865,Xylona Preis,Consumer,United States,Westland,Michigan,48185.0,Central,OFF-AP-10002311,Office Supplies,Appliances,"Holmes Replacement Filter for HEPA Air Cleaner, Very Large Room, HEPA Filter",247.716,4,0.1,93.58160000000001,2015,1
1121,1122,US-2015-147627,2015-01-20,2015-01-26,Standard Class,HL-15040,Hunter Lopez,Consumer,United States,Jonesboro,Arkansas,72401.0,South,TEC-PH-10001061,Technology,Phones,Apple iPhone 5C,699.93,7,0.0,181.9818,2015,1
9989,9990,CA-2015-110422,2015-01-21,2015-01-23,Second Class,TB-21400,Tom Boeckenhauer,Consumer,United States,Miami,Florida,33180.0,South,FUR-FU-10001889,Furniture,Furnishings,Ultra Door Pull Handle,25.248,3,0.2,4.102799999999999,2015,1
9886,9887,CA-2015-146997,2015-01-23,2015-01-27,Standard Class,SG-20605,Speros Goranitis,Consumer,United States,Lafayette,Indiana,47905.0,Central,OFF-FA-10003467,Office Supplies,Fasteners,"Alliance Big Bands Rubber Bands, 12/Pack",5.9399999999999995,3,0.0,0.0,2015,1
9155,9156,CA-2015-102645,2015-01-23,2015-01-28,Standard Class,IM-15055,Ionia McGrath,Consumer,United States,Las Vegas,Nevada,89115.0,West,OFF-PA-10001804,Office Supplies,Paper,Xerox 195,40.08,6,0.0,19.2384,2015,1
2581,2582,US-2015-155502,2015-01-26,2015-01-31,Standard Class,SD-20485,Shirley Daniels,Home Office,United States,Alexandria,Virginia,22304.0,South,OFF-PA-10000380,Office Supplies,Paper,"REDIFORM Incoming/Outgoing Call Register, 11"" X 8 1/2"", 100 Messages",16.68,2,0.0,8.34,2015,1
8150,8151,CA-2015-167997,2015-01-26,2015-01-29,First Class,CA-11965,Carol Adams,Corporate,United States,Rapid City,South Dakota,57701.0,Central,FUR-BO-10004409,Furniture,Bookcases,"Safco Value Mate Series Steel Bookcases, Baked Enamel Finish on Steel, Gray",141.96,2,0.0,39.7488,2015,1
2584,2585,US-2015-155502,2015-01-26,2015-01-31,Standard Class,SD-20485,Shirley Daniels,Home Office,United States,Alexandria,Virginia,22304.0,South,TEC-PH-10002103,Technology,Phones,Jabra SPEAK 410,187.98,2,0.0,52.6344,2015,1
2583,2584,US-2015-155502,2015-01-26,2015-01-31,Standard Class,SD-20485,Shirley Daniels,Home Office,United States,Alexandria,Virginia,22304.0,South,FUR-FU-10001847,Furniture,Furnishings,Eldon Image Series Black Desk Accessories,12.419999999999998,3,0.0,4.4712,2015,1
2582,2583,US-2015-155502,2015-01-26,2015-01-31,Standard Class,SD-20485,Shirley Daniels,Home Office,United States,Alexandria,Virginia,22304.0,South,TEC-PH-10004833,Technology,Phones,Macally Suction Cup Mount,155.35,13,0.0,0.0,2015,1
2580,2581,US-2015-155502,2015-01-26,2015-01-31,Standard Class,SD-20485,Shirley Daniels,Home Office,United States,Alexandria,Virginia,22304.0,South,OFF-PA-10003072,Office Supplies,Paper,"Eureka Recycled Copy Paper 8 1/2"" x 11"", Ream",19.44,3,0.0,9.3312,2015,1
2579,2580,US-2015-155502,2015-01-26,2015-01-31,Standard Class,SD-20485,Shirley Daniels,Home Office,United States,Alexandria,Virginia,22304.0,South,OFF-ST-10004337,Office Supplies,Storage,"SAFCO Commercial Wire Shelving, 72h",489.92,8,0.0,0.0,2015,1
2578,2579,US-2015-155502,2015-01-26,2015-01-31,Standard Class,SD-20485,Shirley Daniels,Home Office,United States,Alexandria,Virginia,22304.0,South,FUR-FU-10004587,Furniture,Furnishings,"GE General Use Halogen Bulbs, 100 Watts, 1 Bulb per Pack",62.82000000000001,3,0.0,30.7818,2015,1
8149,8150,CA-2015-167997,2015-01-26,2015-01-29,First Class,CA-11965,Carol Adams,Corporate,United States,Rapid City,South Dakota,57701.0,Central,OFF-BI-10001758,Office Supplies,Binders,Wilson Jones 14 Line Acrylic Coated Pressboard Data Binders,10.68,2,0.0,5.0196,2015,1
3794,3795,US-2015-117163,2015-01-27,2015-02-02,Standard Class,EJ-13720,Ed Jacobs,Consumer,United States,San Diego,California,92037.0,West,OFF-ST-10003692,Office Supplies,Storage,Recycled Steel Personal File for Hanging File Folders,57.23,1,0.0,14.307499999999997,2015,1
3796,3797,US-2015-117163,2015-01-27,2015-02-02,Standard Class,EJ-13720,Ed Jacobs,Consumer,United States,San Diego,California,92037.0,West,OFF-AR-10003179,Office Supplies,Art,Dixon Ticonderoga Core-Lock Colored Pencils,36.44,4,0.0,12.025199999999998,2015,1
3795,3796,US-2015-117163,2015-01-27,2015-02-02,Standard Class,EJ-13720,Ed Jacobs,Consumer,United States,San Diego,California,92037.0,West,FUR-TA-10003469,Furniture,Tables,Balt Split Level Computer Training Table,333.0,3,0.2,-16.64999999999999,2015,1
3083,3084,CA-2015-100328,2015-01-28,2015-02-03,Standard Class,JC-15340,Jasper Cacioppo,Consumer,United States,New York City,New York,10024.0,East,OFF-BI-10000343,Office Supplies,Binders,"Pressboard Covers with Storage Hooks, 9 1/2"" x 11"", Light Blue",3.9280000000000004,1,0.2,1.3256999999999999,2015,1
6388,6389,CA-2015-134103,2015-01-30,2015-02-04,Standard Class,MV-18190,Mike Vittorini,Consumer,United States,Detroit,Michigan,48234.0,Central,OFF-ST-10000991,Office Supplies,Storage,Space Solutions HD Industrial Steel Shelving.,229.94,2,0.0,6.898200000000003,2015,1
6387,6388,CA-2015-134103,2015-01-30,2015-02-04,Standard Class,MV-18190,Mike Vittorini,Consumer,United States,Detroit,Michigan,48234.0,Central,OFF-PA-10001204,Office Supplies,Paper,Xerox 1972,10.56,2,0.0,4.752,2015,1
3365,3366,CA-2015-115161,2015-01-31,2015-02-02,First Class,LC-17050,Liz Carlisle,Consumer,United States,Mission Viejo,California,92691.0,West,FUR-BO-10003966,Furniture,Bookcases,"Sauder Facets Collection Library, Sky Alder Finish",290.666,2,0.15,3.4195999999999884,2015,1
540,541,CA-2015-140795,2015-02-01,2015-02-03,First Class,BD-11500,Bradley Drucker,Consumer,United States,Green Bay,Wisconsin,54302.0,Central,TEC-AC-10001432,Technology,Accessories,Enermax Aurora Lite Keyboard,468.90000000000003,6,0.0,206.31600000000006,2015,2
9137,9138,CA-2015-123400,2015-02-02,2015-02-09,Standard Class,EB-13930,Eric Barreto,Consumer,United States,Saint Petersburg,Florida,33710.0,South,OFF-BI-10000666,Office Supplies,Binders,Surelock Post Binders,18.336000000000002,2,0.7,-12.224,2015,2
9138,9139,CA-2015-123400,2015-02-02,2015-02-09,Standard Class,EB-13930,Eric Barreto,Consumer,United States,Saint Petersburg,Florida,33710.0,South,TEC-PH-10002890,Technology,Phones,AT&T 17929 Lendline Telephone,180.96,5,0.2,13.571999999999996,2015,2
1703,1704,CA-2015-139857,2015-02-02,2015-02-06,Standard Class,CD-12790,Cynthia Delaney,Home Office,United States,San Diego,California,92037.0,West,OFF-FA-10001843,Office Supplies,Fasteners,Staples,12.350000000000001,5,0.0,5.8045,2015,2
1518,1519,CA-2015-111059,2015-02-03,2015-02-06,Second Class,TB-21400,Tom Boeckenhauer,Consumer,United States,Seattle,Washington,98105.0,West,OFF-BI-10002827,Office Supplies,Binders,Avery Durable Poly Binders,13.272000000000002,3,0.2,4.3134,2015,2
1517,1518,CA-2015-111059,2015-02-03,2015-02-06,Second Class,TB-21400,Tom Boeckenhauer,Consumer,United States,Seattle,Washington,98105.0,West,OFF-BI-10004593,Office Supplies,Binders,Ibico Laser Imprintable Binding System Covers,83.84,2,0.2,27.247999999999998,2015,2
1543,1544,CA-2015-107181,2015-02-04,2015-02-08,Standard Class,DB-13270,Deborah Brumfield,Home Office,United States,San Diego,California,92024.0,West,OFF-BI-10004230,Office Supplies,Binders,GBC Recycled Grain Textured Covers,82.896,3,0.2,29.0136,2015,2
1544,1545,CA-2015-107181,2015-02-04,2015-02-08,Standard Class,DB-13270,Deborah Brumfield,Home Office,United States,San Diego,California,92024.0,West,OFF-PA-10000350,Office Supplies,Paper,"Message Book, Standard Line ""While You Were Out"", 5 1/2"" X 4"", 200 Sets/Book",34.24,4,0.0,16.0928,2015,2
8584,8585,CA-2015-104808,2015-02-04,2015-02-08,Second Class,MH-17440,Mark Haberlin,Corporate,United States,Escondido,California,92025.0,West,OFF-BI-10003676,Office Supplies,Binders,"GBC Standard Recycled Report Covers, Clear Plastic Sheets",17.248,2,0.2,6.036799999999999,2015,2
1999,2000,CA-2015-131905,2015-02-06,2015-02-09,First Class,ND-18460,Neil Ducich,Corporate,United States,Chesapeake,Virginia,23320.0,South,TEC-PH-10001615,Technology,Phones,AT&T CL82213,144.95,5,0.0,42.035499999999985,2015,2
1998,1999,CA-2015-131905,2015-02-06,2015-02-09,First Class,ND-18460,Neil Ducich,Corporate,United States,Chesapeake,Virginia,23320.0,South,TEC-PH-10003645,Technology,Phones,Aastra 57i VoIP phone,161.61,1,0.0,42.018600000000006,2015,2
1997,1998,CA-2015-131905,2015-02-06,2015-02-09,First Class,ND-18460,Neil Ducich,Corporate,United States,Chesapeake,Virginia,23320.0,South,OFF-LA-10002787,Office Supplies,Labels,Avery 480,15.0,4,0.0,7.199999999999999,2015,2
8980,8981,CA-2015-108182,2015-02-06,2015-02-10,Second Class,DL-13315,Delfina Latchford,Consumer,United States,Romeoville,Illinois,60441.0,Central,OFF-BI-10001196,Office Supplies,Binders,"Avery Flip-Chart Easel Binder, Black",8.951999999999998,2,0.8,-14.770800000000001,2015,2
849,850,CA-2015-107755,2015-02-07,2015-02-12,Standard Class,CK-12760,Cyma Kinney,Corporate,United States,Linden,New Jersey,7036.0,East,TEC-AC-10000710,Technology,Accessories,Maxell DVD-RAM Discs,115.36,7,0.0,49.60480000000001,2015,2
8735,8736,US-2015-169390,2015-02-07,2015-02-10,Second Class,CS-12250,Chris Selesnick,Corporate,United States,New York City,New York,10024.0,East,OFF-ST-10001558,Office Supplies,Storage,Acco Perma 4000 Stacking Storage Drawers,64.96,4,0.0,9.744,2015,2
9266,9267,CA-2015-125759,2015-02-08,2015-02-09,First Class,NM-18445,Nathan Mautz,Home Office,United States,North Las Vegas,Nevada,89031.0,West,FUR-FU-10002111,Furniture,Furnishings,"Master Caster Door Stop, Large Brown",14.56,2,0.0,5.5328,2015,2
9259,9260,CA-2015-168368,2015-02-11,2015-02-15,Second Class,GA-14725,Guy Armstrong,Consumer,United States,Columbia,Missouri,65203.0,Central,OFF-ST-10002583,Office Supplies,Storage,Fellowes Neat Ideas Storage Cubes,64.96,2,0.0,2.598399999999998,2015,2
9254,9255,CA-2015-168368,2015-02-11,2015-02-15,Second Class,GA-14725,Guy Armstrong,Consumer,United States,Columbia,Missouri,65203.0,Central,FUR-CH-10001146,Furniture,Chairs,"Global Value Mid-Back Manager's Chair, Gray",60.89,1,0.0,15.222499999999997,2015,2
9255,9256,CA-2015-168368,2015-02-11,2015-02-15,Second Class,GA-14725,Guy Armstrong,Consumer,United States,Columbia,Missouri,65203.0,Central,OFF-LA-10004853,Office Supplies,Labels,Avery 483,14.940000000000001,3,0.0,6.8724,2015,2
9256,9257,CA-2015-168368,2015-02-11,2015-02-15,Second Class,GA-14725,Guy Armstrong,Consumer,United States,Columbia,Missouri,65203.0,Central,OFF-BI-10004728,Office Supplies,Binders,Wilson Jones Turn Tabs Binder Tool for Ring Binders,9.64,2,0.0,4.4344,2015,2
9257,9258,CA-2015-168368,2015-02-11,2015-02-15,Second Class,GA-14725,Guy Armstrong,Consumer,United States,Columbia,Missouri,65203.0,Central,FUR-FU-10002298,Furniture,Furnishings,"Rubbermaid ClusterMat Chairmats, Mat Size- 66"" x 60"", Lip 20"" x 11"" -90 Degree Angle",332.94,3,0.0,53.270399999999995,2015,2
5632,5633,CA-2015-127614,2015-02-11,2015-02-15,Standard Class,NF-18385,Natalie Fritzler,Consumer,United States,Chesapeake,Virginia,23320.0,South,OFF-BI-10003291,Office Supplies,Binders,Wilson Jones Leather-Like Binders with DublLock Round Rings,17.46,2,0.0,8.206199999999999,2015,2
9258,9259,CA-2015-168368,2015-02-11,2015-02-15,Second Class,GA-14725,Guy Armstrong,Consumer,United States,Columbia,Missouri,65203.0,Central,OFF-BI-10004654,Office Supplies,Binders,VariCap6 Expandable Binder,51.900000000000006,3,0.0,24.393,2015,2
5631,5632,CA-2015-127614,2015-02-11,2015-02-15,Standard Class,NF-18385,Natalie Fritzler,Consumer,United States,Chesapeake,Virginia,23320.0,South,FUR-TA-10003715,Furniture,Tables,Hon 2111 Invitation Series Corner Table,1256.22,6,0.0,75.37319999999994,2015,2
5630,5631,CA-2015-127614,2015-02-11,2015-02-15,Standard Class,NF-18385,Natalie Fritzler,Consumer,United States,Chesapeake,Virginia,23320.0,South,TEC-AC-10001432,Technology,Accessories,Enermax Aurora Lite Keyboard,234.45000000000002,3,0.0,103.15800000000003,2015,2
456,457,US-2015-110674,2015-02-12,2015-02-18,Standard Class,SC-20095,Sanjit Chand,Consumer,United States,Concord,California,94521.0,West,FUR-CH-10000225,Furniture,Chairs,"Global Geo Office Task Chair, Gray",129.568,2,0.2,-24.29400000000002,2015,2
9763,9764,CA-2015-121762,2015-02-14,2015-02-18,Standard Class,ML-17395,Marina Lichtenstein,Corporate,United States,Seattle,Washington,98103.0,West,OFF-SU-10000157,Office Supplies,Supplies,Compact Automatic Electric Letter Opener,238.62,2,0.0,4.772400000000005,2015,2
9762,9763,CA-2015-121762,2015-02-14,2015-02-18,Standard Class,ML-17395,Marina Lichtenstein,Corporate,United States,Seattle,Washington,98103.0,West,OFF-AP-10001293,Office Supplies,Appliances,Belkin 8 Outlet Surge Protector,81.96,2,0.0,22.9488,2015,2
9761,9762,CA-2015-121762,2015-02-14,2015-02-18,Standard Class,ML-17395,Marina Lichtenstein,Corporate,United States,Seattle,Washington,98103.0,West,TEC-AC-10000736,Technology,Accessories,Logitech G600 MMO Gaming Mouse,239.96999999999997,3,0.0,86.38919999999999,2015,2
5466,5467,CA-2015-107706,2015-02-14,2015-02-19,Second Class,ST-20530,Shui Tom,Consumer,United States,Houston,Texas,77095.0,Central,OFF-PA-10000466,Office Supplies,Paper,"Memo Book, 100 Message Capacity, 5 3/8” x 11”",16.176000000000002,3,0.2,6.065999999999999,2015,2
7437,7438,CA-2015-165568,2015-02-15,2015-02-19,Standard Class,BF-11020,Barry Französisch,Corporate,United States,Seattle,Washington,98105.0,West,OFF-BI-10001031,Office Supplies,Binders,Pressboard Data Binders by Wilson Jones,21.36,5,0.2,7.209,2015,2
1332,1333,CA-2015-122567,2015-02-16,2015-02-21,Standard Class,MN-17935,Michael Nguyen,Consumer,United States,Dallas,Texas,75220.0,Central,OFF-BI-10002012,Office Supplies,Binders,Wilson Jones Easy Flow II Sheet Lifters,1.0799999999999998,3,0.8,-1.7280000000000002,2015,2
1333,1334,CA-2015-122567,2015-02-16,2015-02-21,Standard Class,MN-17935,Michael Nguyen,Consumer,United States,Dallas,Texas,75220.0,Central,OFF-AP-10001303,Office Supplies,Appliances,"Holmes Cool Mist Humidifier for the Whole House with 8-Gallon Output per Day, Extended Life Filter",7.959999999999997,2,0.8,-13.930000000000003,2015,2
9515,9516,CA-2015-154165,2015-02-17,2015-02-24,Standard Class,DL-13315,Delfina Latchford,Consumer,United States,Chicago,Illinois,60653.0,Central,OFF-AR-10003631,Office Supplies,Art,Staples in misc. colors,54.208,14,0.2,8.808799999999998,2015,2
8222,8223,CA-2015-152905,2015-02-18,2015-02-24,Standard Class,AB-10015,Aaron Bergman,Consumer,United States,Arlington,Texas,76017.0,Central,OFF-ST-10000321,Office Supplies,Storage,Akro Stacking Bins,12.624,2,0.2,-2.524800000000002,2015,2
6081,6082,US-2015-165589,2015-02-18,2015-02-18,Same Day,TB-21595,Troy Blackwell,Consumer,United States,Lubbock,Texas,79424.0,Central,FUR-FU-10002396,Furniture,Furnishings,"DAX Copper Panel Document Frame, 5 x 7 Size",25.16,5,0.6,-11.322,2015,2
4520,4521,CA-2015-109491,2015-02-20,2015-02-26,Standard Class,LC-16930,Linda Cazamias,Corporate,United States,Richmond,Indiana,47374.0,Central,TEC-AC-10001284,Technology,Accessories,Enermax Briskie RF Wireless Keyboard and Mouse Combo,62.31,3,0.0,22.4316,2015,2
4521,4522,CA-2015-109491,2015-02-20,2015-02-26,Standard Class,LC-16930,Linda Cazamias,Corporate,United States,Richmond,Indiana,47374.0,Central,FUR-FU-10000221,Furniture,Furnishings,"Master Caster Door Stop, Brown",20.32,4,0.0,6.908799999999999,2015,2
8503,8504,CA-2015-164903,2015-02-20,2015-02-24,Standard Class,SR-20740,Steven Roelle,Home Office,United States,Los Angeles,California,90049.0,West,OFF-PA-10003363,Office Supplies,Paper,Xerox 204,12.96,2,0.0,6.2208000000000006,2015,2
2882,2883,CA-2015-165540,2015-02-21,2015-02-25,Standard Class,TM-21010,Tamara Manning,Consumer,United States,Woodstock,Illinois,60098.0,Central,OFF-BI-10004094,Office Supplies,Binders,GBC Standard Plastic Binding Systems Combs,8.849999999999998,5,0.8,-13.717499999999998,2015,2
7610,7611,CA-2015-133354,2015-02-22,2015-02-24,First Class,SA-20830,Sue Ann Reed,Consumer,United States,Moreno Valley,California,92553.0,West,OFF-PA-10001800,Office Supplies,Paper,Xerox 220,19.44,3,0.0,9.3312,2015,2
6529,6530,CA-2015-103744,2015-02-23,2015-02-27,Standard Class,MG-17875,Michael Grace,Home Office,United States,El Paso,Texas,79907.0,Central,OFF-LA-10004425,Office Supplies,Labels,Staple-on labels,6.936000000000001,3,0.2,2.3409000000000004,2015,2
6530,6531,CA-2015-103744,2015-02-23,2015-02-27,Standard Class,MG-17875,Michael Grace,Home Office,United States,El Paso,Texas,79907.0,Central,OFF-BI-10000320,Office Supplies,Binders,GBC Plastic Binding Combs,4.427999999999999,3,0.8,-6.863399999999999,2015,2
5511,5512,US-2015-137680,2015-02-24,2015-03-02,Standard Class,JH-15430,Jennifer Halladay,Consumer,United States,Medford,Oregon,97504.0,West,OFF-PA-10000174,Office Supplies,Paper,"Message Book, Wirebound, Four 5 1/2"" X 4"" Forms/Pg., 200 Dupl. Sets/Book",32.896,4,0.2,11.102399999999996,2015,2
5512,5513,US-2015-137680,2015-02-24,2015-03-02,Standard Class,JH-15430,Jennifer Halladay,Consumer,United States,Medford,Oregon,97504.0,West,OFF-PA-10000069,Office Supplies,Paper,"TOPS 4 x 6 Fluorescent Color Memo Sheets, 500 Sheets per Pack",22.776000000000003,3,0.2,7.6869,2015,2
9463,9464,CA-2015-156545,2015-02-27,2015-03-03,First Class,JS-16030,Joy Smith,Consumer,United States,Columbus,Ohio,43229.0,East,OFF-AR-10003560,Office Supplies,Art,Zebra Zazzle Fluorescent Highlighters,19.456000000000003,4,0.2,3.404799999999998,2015,2
6547,6548,CA-2015-113880,2015-03-01,2015-03-05,Standard Class,VF-21715,Vicky Freymann,Home Office,United States,Elmhurst,Illinois,60126.0,Central,FUR-CH-10000863,Furniture,Chairs,Novimex Swivel Fabric Task Chair,634.116,6,0.3,-172.11720000000003,2015,3
157,158,CA-2015-104269,2015-03-01,2015-03-06,Second Class,DB-13060,Dave Brooks,Consumer,United States,Seattle,Washington,98115.0,West,FUR-CH-10004063,Furniture,Chairs,Global Deluxe High-Back Manager's Chair,457.56800000000004,2,0.2,51.47639999999994,2015,3
7948,7949,CA-2015-131009,2015-03-01,2015-03-05,Standard Class,SC-20380,Shahid Collister,Consumer,United States,El Paso,Texas,79907.0,Central,FUR-CH-10001270,Furniture,Chairs,Harbour Creations Steel Folding Chair,362.24999999999994,6,0.3,0.0,2015,3
7947,7948,CA-2015-131009,2015-03-01,2015-03-05,Standard Class,SC-20380,Shahid Collister,Consumer,United States,El Paso,Texas,79907.0,Central,OFF-FA-10004395,Office Supplies,Fasteners,Plymouth Boxed Rubber Bands by Plymouth,18.84,5,0.2,-3.5324999999999998,2015,3
5713,5714,US-2015-143707,2015-03-01,2015-03-05,Standard Class,HR-14770,Hallie Redmond,Home Office,United States,New York City,New York,10035.0,East,TEC-PH-10003655,Technology,Phones,Sannysis Cute Owl Design Soft Skin Case Cover for Samsung Galaxy S4,5.9399999999999995,3,0.0,1.6038,2015,3
8310,8311,CA-2015-168312,2015-03-01,2015-03-07,Standard Class,GW-14605,Giulietta Weimer,Consumer,United States,Houston,Texas,77036.0,Central,FUR-TA-10001866,Furniture,Tables,Bevis Round Conference Room Tables and Bases,376.50899999999996,3,0.3,-43.029600000000045,2015,3
8309,8310,CA-2015-168312,2015-03-01,2015-03-07,Standard Class,GW-14605,Giulietta Weimer,Consumer,United States,Houston,Texas,77036.0,Central,OFF-ST-10003692,Office Supplies,Storage,Recycled Steel Personal File for Hanging File Folders,137.352,3,0.2,8.584499999999991,2015,3
7950,7951,CA-2015-131009,2015-03-01,2015-03-05,Standard Class,SC-20380,Shahid Collister,Consumer,United States,El Paso,Texas,79907.0,Central,OFF-ST-10001469,Office Supplies,Storage,Fellowes Bankers Box Recycled Super Stor/Drawer,129.552,3,0.2,-22.671600000000005,2015,3
6548,6549,CA-2015-113880,2015-03-01,2015-03-05,Standard Class,VF-21715,Vicky Freymann,Home Office,United States,Elmhurst,Illinois,60126.0,Central,OFF-PA-10003036,Office Supplies,Paper,"Black Print Carbonless 8 1/2"" x 8 1/4"" Rapid Memo Book",17.472,3,0.2,5.678399999999998,2015,3
7949,7950,CA-2015-131009,2015-03-01,2015-03-05,Standard Class,SC-20380,Shahid Collister,Consumer,United States,El Paso,Texas,79907.0,Central,FUR-FU-10001095,Furniture,Furnishings,DAX Black Cherry Wood-Tone Poster Frame,63.55200000000001,6,0.6,-34.9536,2015,3
6058,6059,CA-2015-107524,2015-03-02,2015-03-08,Standard Class,KN-16705,Kristina Nunn,Home Office,United States,New York City,New York,10009.0,East,OFF-PA-10000587,Office Supplies,Paper,"Array Parchment Paper, Assorted Colors",36.4,5,0.0,17.472,2015,3
6057,6058,CA-2015-107524,2015-03-02,2015-03-08,Standard Class,KN-16705,Kristina Nunn,Home Office,United States,New York City,New York,10009.0,East,OFF-EN-10001990,Office Supplies,Envelopes,Staple envelope,11.36,2,0.0,5.339199999999999,2015,3
9946,9947,CA-2015-111157,2015-03-02,2015-03-06,Standard Class,NH-18610,Nicole Hansen,Corporate,United States,Philadelphia,Pennsylvania,19120.0,East,TEC-AC-10004353,Technology,Accessories,Hypercom P1300 Pinpad,151.20000000000002,3,0.2,32.13,2015,3
9945,9946,CA-2015-111157,2015-03-02,2015-03-06,Standard Class,NH-18610,Nicole Hansen,Corporate,United States,Philadelphia,Pennsylvania,19120.0,East,OFF-PA-10000327,Office Supplies,Paper,Xerox 1971,3.4240000000000004,1,0.2,1.0699999999999996,2015,3
555,556,CA-2015-155852,2015-03-03,2015-03-07,Second Class,AJ-10945,Ashley Jarboe,Consumer,United States,Wilmington,North Carolina,28403.0,South,OFF-AR-10003560,Office Supplies,Art,Zebra Zazzle Fluorescent Highlighters,19.456000000000003,4,0.2,3.404799999999998,2015,3
7247,7248,US-2015-127978,2015-03-03,2015-03-08,Standard Class,JS-15595,Jill Stevenson,Corporate,United States,Columbus,Ohio,43229.0,East,FUR-BO-10001972,Furniture,Bookcases,O'Sullivan 4-Shelf Bookcase in Odessa Pine,302.45,5,0.5,-199.61700000000002,2015,3
7348,7349,CA-2015-130421,2015-03-03,2015-03-07,Standard Class,SC-20020,Sam Craven,Consumer,United States,Houston,Texas,77095.0,Central,OFF-AP-10002534,Office Supplies,Appliances,3.6 Cubic Foot Counter Height Office Refrigerator,176.77199999999996,3,0.8,-459.60720000000003,2015,3
8711,8712,CA-2015-105648,2015-03-03,2015-03-07,Standard Class,EJ-14155,Eva Jacobs,Consumer,United States,San Diego,California,92037.0,West,FUR-TA-10002958,Furniture,Tables,"Bevis Oval Conference Table, Walnut",626.3520000000001,3,0.2,-23.48820000000009,2015,3
1162,1163,CA-2015-127964,2015-03-03,2015-03-08,Standard Class,AP-10720,Anne Pryor,Home Office,United States,New York City,New York,10035.0,East,TEC-PH-10004700,Technology,Phones,PowerGen Dual USB Car Charger,9.99,1,0.0,4.5954,2015,3
1163,1164,CA-2015-127964,2015-03-03,2015-03-08,Standard Class,AP-10720,Anne Pryor,Home Office,United States,New York City,New York,10035.0,East,OFF-BI-10004593,Office Supplies,Binders,Ibico Laser Imprintable Binding System Covers,125.76,3,0.2,40.872,2015,3
7246,7247,US-2015-127978,2015-03-03,2015-03-08,Standard Class,JS-15595,Jill Stevenson,Corporate,United States,Columbus,Ohio,43229.0,East,OFF-LA-10000305,Office Supplies,Labels,Avery 495,15.120000000000001,3,0.2,4.913999999999999,2015,3
7248,7249,US-2015-127978,2015-03-03,2015-03-08,Standard Class,JS-15595,Jill Stevenson,Corporate,United States,Columbus,Ohio,43229.0,East,OFF-ST-10002486,Office Supplies,Storage,Eldon Shelf Savers Cubes and Bins,44.672000000000004,8,0.2,-10.051200000000003,2015,3
1164,1165,CA-2015-127964,2015-03-03,2015-03-08,Standard Class,AP-10720,Anne Pryor,Home Office,United States,New York City,New York,10035.0,East,OFF-BI-10003429,Office Supplies,Binders,"Cardinal HOLDit! Binder Insert Strips,Extra Strips",25.32,5,0.2,9.178500000000001,2015,3
4421,4422,CA-2015-117016,2015-03-04,2015-03-09,Standard Class,SC-20095,Sanjit Chand,Consumer,United States,Margate,Florida,33063.0,South,OFF-AR-10001374,Office Supplies,Art,"BIC Brite Liner Highlighters, Chisel Tip",15.552000000000003,3,0.2,2.332799999999999,2015,3
1564,1565,CA-2015-116239,2015-03-04,2015-03-04,Same Day,CL-12565,Clay Ludtke,Consumer,United States,Columbia,South Carolina,29203.0,South,OFF-ST-10001370,Office Supplies,Storage,Sensible Storage WireTech Storage Systems,354.90000000000003,5,0.0,17.744999999999962,2015,3
8500,8501,CA-2015-169061,2015-03-05,2015-03-08,Second Class,AB-10150,Aimee Bixby,Consumer,United States,Yonkers,New York,10701.0,East,OFF-PA-10001878,Office Supplies,Paper,Xerox 1891,97.82,2,0.0,45.97539999999999,2015,3
8496,8497,CA-2015-169061,2015-03-05,2015-03-08,Second Class,AB-10150,Aimee Bixby,Consumer,United States,Yonkers,New York,10701.0,East,OFF-AR-10000588,Office Supplies,Art,Newell 345,59.519999999999996,3,0.0,15.475200000000001,2015,3
8497,8498,CA-2015-169061,2015-03-05,2015-03-08,Second Class,AB-10150,Aimee Bixby,Consumer,United States,Yonkers,New York,10701.0,East,TEC-AC-10002001,Technology,Accessories,Logitech Wireless Gaming Headset G930,479.97,3,0.0,177.58890000000002,2015,3
8498,8499,CA-2015-169061,2015-03-05,2015-03-08,Second Class,AB-10150,Aimee Bixby,Consumer,United States,Yonkers,New York,10701.0,East,OFF-SU-10000381,Office Supplies,Supplies,Acme Forged Steel Scissors with Black Enamel Handles,18.62,2,0.0,5.399799999999999,2015,3
8499,8500,CA-2015-169061,2015-03-05,2015-03-08,Second Class,AB-10150,Aimee Bixby,Consumer,United States,Yonkers,New York,10701.0,East,OFF-BI-10001617,Office Supplies,Binders,GBC Wire Binding Combs,49.632000000000005,6,0.2,16.750799999999998,2015,3
9643,9644,CA-2015-104563,2015-03-07,2015-03-12,Standard Class,CM-12715,Craig Molinari,Corporate,United States,Seattle,Washington,98103.0,West,FUR-CH-10004495,Furniture,Chairs,"Global Leather and Oak Executive Chair, Black",481.56800000000004,2,0.2,54.17639999999993,2015,3
9642,9643,CA-2015-104563,2015-03-07,2015-03-12,Standard Class,CM-12715,Craig Molinari,Corporate,United States,Seattle,Washington,98103.0,West,FUR-CH-10002780,Furniture,Chairs,Office Star - Task Chair with Contemporary Loop Arms,436.70400000000006,6,0.2,21.835199999999986,2015,3
9641,9642,CA-2015-104563,2015-03-07,2015-03-12,Standard Class,CM-12715,Craig Molinari,Corporate,United States,Seattle,Washington,98103.0,West,OFF-ST-10000934,Office Supplies,Storage,"Contico 72""H Heavy-Duty Storage System",204.89999999999998,5,0.0,0.0,2015,3
9640,9641,CA-2015-104563,2015-03-07,2015-03-12,Standard Class,CM-12715,Craig Molinari,Corporate,United States,Seattle,Washington,98103.0,West,OFF-AR-10000390,Office Supplies,Art,Newell Chalk Holder,20.65,5,0.0,9.498999999999999,2015,3
4961,4962,CA-2015-156587,2015-03-07,2015-03-08,First Class,AB-10015,Aaron Bergman,Consumer,United States,Seattle,Washington,98103.0,West,FUR-CH-10004477,Furniture,Chairs,"Global Push Button Manager's Chair, Indigo",48.712,1,0.2,5.480099999999997,2015,3
5253,5254,US-2015-131982,2015-03-07,2015-03-11,Second Class,NP-18685,Nora Pelletier,Home Office,United States,Des Moines,Washington,98198.0,West,OFF-BI-10004224,Office Supplies,Binders,Catalog Binders with Expanding Posts,107.64800000000001,2,0.2,33.639999999999986,2015,3
4962,4963,CA-2015-156587,2015-03-07,2015-03-08,First Class,AB-10015,Aaron Bergman,Consumer,United States,Seattle,Washington,98103.0,West,OFF-AR-10001427,Office Supplies,Art,Newell 330,17.94,3,0.0,4.6644000000000005,2015,3
4963,4964,CA-2015-156587,2015-03-07,2015-03-08,First Class,AB-10015,Aaron Bergman,Consumer,United States,Seattle,Washington,98103.0,West,OFF-ST-10002344,Office Supplies,Storage,"Carina 42""Hx23 3/4""W Media Storage Unit",242.94,3,0.0,4.858800000000016,2015,3
2101,2102,US-2015-140116,2015-03-10,2015-03-17,Standard Class,KT-16480,Kean Thornton,Consumer,United States,Denver,Colorado,80219.0,West,OFF-AR-10001044,Office Supplies,Art,"BOSTON Ranger #55 Pencil Sharpener, Black",83.168,4,0.2,9.356399999999994,2015,3
2100,2101,US-2015-140116,2015-03-10,2015-03-17,Standard Class,KT-16480,Kean Thornton,Consumer,United States,Denver,Colorado,80219.0,West,OFF-ST-10000078,Office Supplies,Storage,Tennsco 6- and 18-Compartment Lockers,636.4080000000001,3,0.2,-15.910200000000088,2015,3
1171,1172,US-2015-100279,2015-03-10,2015-03-14,Standard Class,SW-20275,Scott Williamson,Consumer,United States,Royal Oak,Michigan,48073.0,Central,OFF-PA-10002259,Office Supplies,Paper,"Geographics Note Cards, Blank, White, 8 1/2"" x 11""",22.38,2,0.0,10.7424,2015,3
8299,8300,US-2015-103338,2015-03-11,2015-03-15,Standard Class,RB-19435,Richard Bierner,Consumer,United States,Roseville,California,95661.0,West,OFF-AR-10001770,Office Supplies,Art,Economy #2 Pencils,7.98,3,0.0,2.0747999999999998,2015,3
7014,7015,CA-2015-114790,2015-03-11,2015-03-13,Second Class,FM-14215,Filia McAdams,Corporate,United States,Richmond,Kentucky,40475.0,South,OFF-AP-10002578,Office Supplies,Appliances,"Fellowes Premier Superior Surge Suppressor, 10-Outlet, With Phone and Remote",146.76,3,0.0,38.1576,2015,3
1541,1542,CA-2015-166884,2015-03-11,2015-03-16,Second Class,CK-12205,Chloris Kastensmidt,Consumer,United States,Columbus,Ohio,43229.0,East,FUR-FU-10003981,Furniture,Furnishings,Eldon Wave Desk Accessories,8.32,5,0.2,2.2880000000000003,2015,3
1542,1543,CA-2015-166884,2015-03-11,2015-03-16,Second Class,CK-12205,Chloris Kastensmidt,Consumer,United States,Columbus,Ohio,43229.0,East,OFF-FA-10001561,Office Supplies,Fasteners,Stockwell Push Pins,10.464000000000002,6,0.2,1.7003999999999992,2015,3
7015,7016,CA-2015-114790,2015-03-11,2015-03-13,Second Class,FM-14215,Filia McAdams,Corporate,United States,Richmond,Kentucky,40475.0,South,TEC-AC-10000710,Technology,Accessories,Maxell DVD-RAM Discs,32.96,2,0.0,14.172800000000002,2015,3
7017,7018,CA-2015-114790,2015-03-11,2015-03-13,Second Class,FM-14215,Filia McAdams,Corporate,United States,Richmond,Kentucky,40475.0,South,OFF-PA-10000213,Office Supplies,Paper,Xerox 198,14.940000000000001,3,0.0,7.021800000000001,2015,3
3441,3442,CA-2015-158337,2015-03-11,2015-03-14,Second Class,KA-16525,Kelly Andreada,Consumer,United States,New York City,New York,10024.0,East,OFF-PA-10002137,Office Supplies,Paper,"Southworth 100% Résumé Paper, 24lb.",108.92,14,0.0,49.013999999999996,2015,3
7016,7017,CA-2015-114790,2015-03-11,2015-03-13,Second Class,FM-14215,Filia McAdams,Corporate,United States,Richmond,Kentucky,40475.0,South,TEC-PH-10000984,Technology,Phones,Panasonic KX-TG9471B,587.97,3,0.0,164.63160000000005,2015,3
2840,2841,US-2015-125521,2015-03-14,2015-03-19,Standard Class,CK-12325,Christine Kargatis,Home Office,United States,Chesapeake,Virginia,23320.0,South,FUR-CH-10003379,Furniture,Chairs,Global Commerce Series High-Back Swivel/Tilt Chairs,1139.92,4,0.0,284.98,2015,3
1890,1891,CA-2015-157623,2015-03-14,2015-03-18,Standard Class,DK-13225,Dean Katz,Corporate,United States,Huntington Beach,California,92646.0,West,OFF-PA-10001204,Office Supplies,Paper,Xerox 1972,10.56,2,0.0,4.752,2015,3
9514,9515,CA-2015-100293,2015-03-14,2015-03-18,Standard Class,NF-18475,Neil Französisch,Home Office,United States,Jacksonville,Florida,32216.0,South,OFF-PA-10000176,Office Supplies,Paper,Xerox 1887,91.056,6,0.2,31.869599999999995,2015,3
4676,4677,CA-2015-114510,2015-03-14,2015-03-19,Standard Class,JF-15295,Jason Fortune-,Consumer,United States,Logan,Utah,84321.0,West,OFF-BI-10001617,Office Supplies,Binders,GBC Wire Binding Combs,33.088,4,0.2,11.1672,2015,3
4677,4678,CA-2015-114510,2015-03-14,2015-03-19,Standard Class,JF-15295,Jason Fortune-,Consumer,United States,Logan,Utah,84321.0,West,OFF-ST-10000736,Office Supplies,Storage,Carina Double Wide Media Storage Towers in Natural & Black,80.98,1,0.0,3.2391999999999967,2015,3
4678,4679,CA-2015-114510,2015-03-14,2015-03-19,Standard Class,JF-15295,Jason Fortune-,Consumer,United States,Logan,Utah,84321.0,West,TEC-AC-10004877,Technology,Accessories,Imation 30456 USB Flash Drive 8GB,82.80000000000001,12,0.0,6.623999999999995,2015,3
4679,4680,CA-2015-114510,2015-03-14,2015-03-19,Standard Class,JF-15295,Jason Fortune-,Consumer,United States,Logan,Utah,84321.0,West,OFF-ST-10003221,Office Supplies,Storage,Staple magnet,21.36,2,0.0,5.767200000000001,2015,3
4680,4681,CA-2015-114510,2015-03-14,2015-03-19,Standard Class,JF-15295,Jason Fortune-,Consumer,United States,Logan,Utah,84321.0,West,OFF-BI-10003007,Office Supplies,Binders,"Premium Transparent Presentation Covers, No Pattern/Clear, 8 1/2"" x 11""",62.048,2,0.2,20.165599999999998,2015,3
1891,1892,CA-2015-157623,2015-03-14,2015-03-18,Standard Class,DK-13225,Dean Katz,Corporate,United States,Huntington Beach,California,92646.0,West,OFF-AR-10003723,Office Supplies,Art,Avery Hi-Liter Fluorescent Desk Style Markers,3.38,1,0.0,1.2506,2015,3
9405,9406,CA-2015-152618,2015-03-14,2015-03-17,First Class,RB-19465,Rick Bensley,Home Office,United States,Chicago,Illinois,60653.0,Central,TEC-MA-10003626,Technology,Machines,Hewlett-Packard Deskjet 6540 Color Inkjet Printer,574.91,2,0.3,156.04699999999997,2015,3
9406,9407,CA-2015-152618,2015-03-14,2015-03-17,First Class,RB-19465,Rick Bensley,Home Office,United States,Chicago,Illinois,60653.0,Central,OFF-PA-10001215,Office Supplies,Paper,Xerox 1963,8.448,2,0.2,2.6399999999999997,2015,3
605,606,CA-2015-149958,2015-03-15,2015-03-19,Standard Class,AS-10240,Alan Shonely,Consumer,United States,Tampa,Florida,33614.0,South,OFF-BI-10001543,Office Supplies,Binders,GBC VeloBinder Manual Binding System,43.18800000000001,4,0.7,-31.6712,2015,3
602,603,CA-2015-149958,2015-03-15,2015-03-19,Standard Class,AS-10240,Alan Shonely,Consumer,United States,Tampa,Florida,33614.0,South,OFF-ST-10001490,Office Supplies,Storage,"Hot File 7-Pocket, Floor Stand",142.776,1,0.2,17.84699999999998,2015,3
603,604,CA-2015-149958,2015-03-15,2015-03-19,Standard Class,AS-10240,Alan Shonely,Consumer,United States,Tampa,Florida,33614.0,South,FUR-FU-10001756,Furniture,Furnishings,"Eldon Expressions Desk Accessory, Wood Photo Frame, Mahogany",45.696,3,0.2,5.140799999999992,2015,3
604,605,CA-2015-149958,2015-03-15,2015-03-19,Standard Class,AS-10240,Alan Shonely,Consumer,United States,Tampa,Florida,33614.0,South,OFF-BI-10000773,Office Supplies,Binders,Insertable Tab Post Binder Dividers,7.218,3,0.7,-5.533800000000001,2015,3
606,607,CA-2015-149958,2015-03-15,2015-03-19,Standard Class,AS-10240,Alan Shonely,Consumer,United States,Tampa,Florida,33614.0,South,OFF-PA-10002120,Office Supplies,Paper,Xerox 1889,131.904,3,0.2,47.815200000000004,2015,3
3452,3453,CA-2015-157609,2015-03-16,2015-03-21,Second Class,KN-16705,Kristina Nunn,Home Office,United States,Raleigh,North Carolina,27604.0,South,TEC-PH-10002415,Technology,Phones,Polycom VoiceStation 500 Conference phone,471.92,2,0.2,29.49500000000002,2015,3
7427,7428,US-2015-164763,2015-03-17,2015-03-21,Standard Class,MH-17440,Mark Haberlin,Corporate,United States,Jackson,Mississippi,39212.0,South,OFF-BI-10000605,Office Supplies,Binders,"Acco Pressboard Covers with Storage Hooks, 9 1/2"" x 11"", Executive Red",11.43,3,0.0,5.3721,2015,3
7428,7429,US-2015-164763,2015-03-17,2015-03-21,Standard Class,MH-17440,Mark Haberlin,Corporate,United States,Jackson,Mississippi,39212.0,South,OFF-BI-10000309,Office Supplies,Binders,"GBC Twin Loop Wire Binding Elements, 9/16"" Spine, Black",30.44,2,0.0,14.9156,2015,3
7429,7430,US-2015-164763,2015-03-17,2015-03-21,Standard Class,MH-17440,Mark Haberlin,Corporate,United States,Jackson,Mississippi,39212.0,South,OFF-PA-10003349,Office Supplies,Paper,Xerox 1957,12.96,2,0.0,6.3504000000000005,2015,3
8010,8011,CA-2015-127859,2015-03-17,2015-03-20,Second Class,QJ-19255,Quincy Jones,Corporate,United States,Philadelphia,Pennsylvania,19134.0,East,OFF-PA-10003641,Office Supplies,Paper,Xerox 1909,126.624,6,0.2,41.15279999999999,2015,3
2359,2360,US-2015-148838,2015-03-17,2015-03-21,Standard Class,CP-12340,Christine Phan,Corporate,United States,New York City,New York,10024.0,East,FUR-TA-10004175,Furniture,Tables,"Hon 30"" x 60"" Table with Locking Drawer",613.908,3,0.4,-122.78160000000003,2015,3
2360,2361,US-2015-148838,2015-03-17,2015-03-21,Standard Class,CP-12340,Christine Phan,Corporate,United States,New York City,New York,10024.0,East,OFF-PA-10002960,Office Supplies,Paper,Xerox 1926,34.86,7,0.0,16.3842,2015,3
1349,1350,CA-2015-118339,2015-03-17,2015-03-24,Standard Class,BN-11515,Bradley Nguyen,Consumer,United States,Lakeville,Minnesota,55044.0,Central,OFF-BI-10000136,Office Supplies,Binders,Avery Non-Stick Heavy Duty View Round Locking Ring Binders,35.88,6,0.0,17.2224,2015,3
1348,1349,CA-2015-118339,2015-03-17,2015-03-24,Standard Class,BN-11515,Bradley Nguyen,Consumer,United States,Lakeville,Minnesota,55044.0,Central,OFF-BI-10001758,Office Supplies,Binders,Wilson Jones 14 Line Acrylic Coated Pressboard Data Binders,53.4,10,0.0,25.098,2015,3
1347,1348,CA-2015-118339,2015-03-17,2015-03-24,Standard Class,BN-11515,Bradley Nguyen,Consumer,United States,Lakeville,Minnesota,55044.0,Central,OFF-AR-10003829,Office Supplies,Art,Newell 35,19.68,6,0.0,5.707199999999998,2015,3
2361,2362,US-2015-148838,2015-03-17,2015-03-21,Standard Class,CP-12340,Christine Phan,Corporate,United States,New York City,New York,10024.0,East,OFF-PA-10000919,Office Supplies,Paper,Xerox 1918,155.04,4,0.0,75.9696,2015,3
5100,5101,CA-2015-158442,2015-03-17,2015-03-17,Same Day,AZ-10750,Annie Zypern,Consumer,United States,Dallas,Texas,75217.0,Central,OFF-AR-10003732,Office Supplies,Art,Newell 333,4.4479999999999995,2,0.2,0.3335999999999999,2015,3
2358,2359,US-2015-148838,2015-03-17,2015-03-21,Standard Class,CP-12340,Christine Phan,Corporate,United States,New York City,New York,10024.0,East,FUR-TA-10001950,Furniture,Tables,Balt Solid Wood Round Tables,1071.576,4,0.4,-553.6476,2015,3
5102,5103,CA-2015-158442,2015-03-17,2015-03-17,Same Day,AZ-10750,Annie Zypern,Consumer,United States,Dallas,Texas,75217.0,Central,OFF-PA-10002365,Office Supplies,Paper,Xerox 1967,15.552000000000003,3,0.2,5.4432,2015,3
1346,1347,CA-2015-118339,2015-03-17,2015-03-24,Standard Class,BN-11515,Bradley Nguyen,Consumer,United States,Lakeville,Minnesota,55044.0,Central,OFF-PA-10000466,Office Supplies,Paper,"Memo Book, 100 Message Capacity, 5 3/8” x 11”",47.18,7,0.0,23.59,2015,3
2357,2358,US-2015-148838,2015-03-17,2015-03-21,Standard Class,CP-12340,Christine Phan,Corporate,United States,New York City,New York,10024.0,East,FUR-TA-10003473,Furniture,Tables,Bretford Rectangular Conference Table Tops,1579.746,7,0.4,-447.5946999999999,2015,3
7430,7431,US-2015-164763,2015-03-17,2015-03-21,Standard Class,MH-17440,Mark Haberlin,Corporate,United States,Jackson,Mississippi,39212.0,South,OFF-PA-10003063,Office Supplies,Paper,EcoTones Memo Sheets,16.0,4,0.0,7.68,2015,3
7431,7432,US-2015-164763,2015-03-17,2015-03-21,Standard Class,MH-17440,Mark Haberlin,Corporate,United States,Jackson,Mississippi,39212.0,South,OFF-AP-10003971,Office Supplies,Appliances,Belkin 6 Outlet Metallic Surge Strip,32.67,3,0.0,8.494200000000001,2015,3
5101,5102,CA-2015-158442,2015-03-17,2015-03-17,Same Day,AZ-10750,Annie Zypern,Consumer,United States,Dallas,Texas,75217.0,Central,OFF-PA-10002195,Office Supplies,Paper,Xerox 1966,5.184000000000001,1,0.2,1.8792,2015,3
1345,1346,CA-2015-118339,2015-03-17,2015-03-24,Standard Class,BN-11515,Bradley Nguyen,Consumer,United States,Lakeville,Minnesota,55044.0,Central,OFF-AP-10001154,Office Supplies,Appliances,Bionaire Personal Warm Mist Humidifier/Vaporizer,93.78,2,0.0,36.574200000000005,2015,3
2696,2697,CA-2015-145317,2015-03-18,2015-03-23,Standard Class,SM-20320,Sean Miller,Home Office,United States,Jacksonville,Florida,32216.0,South,TEC-MA-10003626,Technology,Machines,Hewlett-Packard Deskjet 6540 Color Inkjet Printer,821.3,4,0.5,-16.426000000000045,2015,3
2702,2703,CA-2015-145317,2015-03-18,2015-03-23,Standard Class,SM-20320,Sean Miller,Home Office,United States,Jacksonville,Florida,32216.0,South,FUR-FU-10001986,Furniture,Furnishings,"Dana Fluorescent Magnifying Lamp, White, 36""",122.352,3,0.2,15.29399999999999,2015,3
2697,2698,CA-2015-145317,2015-03-18,2015-03-23,Standard Class,SM-20320,Sean Miller,Home Office,United States,Jacksonville,Florida,32216.0,South,TEC-MA-10002412,Technology,Machines,Cisco TelePresence System EX90 Videoconferencing Unit,22638.48,6,0.5,-1811.0784000000021,2015,3
7329,7330,US-2015-131275,2015-03-18,2015-03-24,Standard Class,SC-20050,Sample Company A,Home Office,United States,Burbank,California,91505.0,West,OFF-ST-10000078,Office Supplies,Storage,Tennsco 6- and 18-Compartment Lockers,1856.19,7,0.0,334.11419999999987,2015,3
2698,2699,CA-2015-145317,2015-03-18,2015-03-23,Standard Class,SM-20320,Sean Miller,Home Office,United States,Jacksonville,Florida,32216.0,South,OFF-PA-10001804,Office Supplies,Paper,Xerox 195,21.376,4,0.2,7.481599999999999,2015,3
2701,2702,CA-2015-145317,2015-03-18,2015-03-23,Standard Class,SM-20320,Sean Miller,Home Office,United States,Jacksonville,Florida,32216.0,South,OFF-FA-10003112,Office Supplies,Fasteners,Staples,18.936,3,0.2,5.917499999999999,2015,3
2700,2701,CA-2015-145317,2015-03-18,2015-03-23,Standard Class,SM-20320,Sean Miller,Home Office,United States,Jacksonville,Florida,32216.0,South,FUR-FU-10004270,Furniture,Furnishings,"Executive Impressions 13"" Clairmont Wall Clock",30.768,2,0.2,8.076600000000003,2015,3
7327,7328,US-2015-131275,2015-03-18,2015-03-24,Standard Class,SC-20050,Sample Company A,Home Office,United States,Burbank,California,91505.0,West,FUR-FU-10004597,Furniture,Furnishings,Eldon Cleatmat Chair Mats for Medium Pile Carpets,111.0,2,0.0,14.430000000000007,2015,3
2699,2700,CA-2015-145317,2015-03-18,2015-03-23,Standard Class,SM-20320,Sean Miller,Home Office,United States,Jacksonville,Florida,32216.0,South,OFF-AR-10003183,Office Supplies,Art,Avery Fluorescent Highlighter Four-Color Set,8.016,3,0.2,1.0019999999999993,2015,3
6151,6152,CA-2015-111871,2015-03-18,2015-03-21,Second Class,EK-13795,Eileen Kiefer,Home Office,United States,San Francisco,California,94110.0,West,FUR-BO-10004218,Furniture,Bookcases,"Bush Heritage Pine Collection 5-Shelf Bookcase, Albany Pine Finish, *Special Order",1198.33,10,0.15,70.49000000000001,2015,3
7328,7329,US-2015-131275,2015-03-18,2015-03-24,Standard Class,SC-20050,Sample Company A,Home Office,United States,Burbank,California,91505.0,West,TEC-MA-10001148,Technology,Machines,Swingline SM12-08 MicroCut Jam Free Shredder,1279.968,4,0.2,415.98959999999994,2015,3
6166,6167,CA-2015-103989,2015-03-19,2015-03-21,First Class,MC-17605,Matt Connell,Corporate,United States,Lakeland,Florida,33801.0,South,TEC-AC-10002647,Technology,Accessories,"Logitech Wireless Boombox Speaker - portable - wireless, wired",170.24,2,0.2,53.19999999999999,2015,3
6160,6161,CA-2015-103989,2015-03-19,2015-03-21,First Class,MC-17605,Matt Connell,Corporate,United States,Lakeland,Florida,33801.0,South,TEC-PH-10004667,Technology,Phones,Cisco 8x8 Inc. 6753i IP Business Phone System,323.97600000000006,3,0.2,28.34789999999998,2015,3
6165,6166,CA-2015-103989,2015-03-19,2015-03-21,First Class,MC-17605,Matt Connell,Corporate,United States,Lakeland,Florida,33801.0,South,FUR-FU-10002508,Furniture,Furnishings,Document Clip Frames,20.016000000000002,3,0.2,5.504400000000001,2015,3
6161,6162,CA-2015-103989,2015-03-19,2015-03-21,First Class,MC-17605,Matt Connell,Corporate,United States,Lakeland,Florida,33801.0,South,OFF-LA-10000443,Office Supplies,Labels,Avery 501,11.808,4,0.2,3.9852,2015,3
6162,6163,CA-2015-103989,2015-03-19,2015-03-21,First Class,MC-17605,Matt Connell,Corporate,United States,Lakeland,Florida,33801.0,South,OFF-ST-10000918,Office Supplies,Storage,Crate-A-Files,26.160000000000004,3,0.2,1.961999999999998,2015,3
6163,6164,CA-2015-103989,2015-03-19,2015-03-21,First Class,MC-17605,Matt Connell,Corporate,United States,Lakeland,Florida,33801.0,South,OFF-BI-10001196,Office Supplies,Binders,"Avery Flip-Chart Easel Binder, Black",33.57,5,0.7,-25.737000000000002,2015,3
6164,6165,CA-2015-103989,2015-03-19,2015-03-21,First Class,MC-17605,Matt Connell,Corporate,United States,Lakeland,Florida,33801.0,South,FUR-FU-10003981,Furniture,Furnishings,Eldon Wave Desk Accessories,4.992000000000001,3,0.2,1.3728000000000002,2015,3
7587,7588,CA-2015-163223,2015-03-21,2015-03-25,Standard Class,KH-16690,Kristen Hastings,Corporate,United States,Springfield,Virginia,22153.0,South,OFF-BI-10001597,Office Supplies,Binders,"Wilson Jones Ledger-Size, Piano-Hinge Binder, 2"", Blue",122.94,3,0.0,59.01119999999999,2015,3
8345,8346,US-2015-155544,2015-03-21,2015-03-25,Standard Class,GM-14440,Gary McGarr,Consumer,United States,Knoxville,Tennessee,37918.0,South,FUR-CH-10000422,Furniture,Chairs,Global Highback Leather Tilter in Burgundy,218.376,3,0.2,-10.918799999999983,2015,3
7585,7586,CA-2015-163223,2015-03-21,2015-03-25,Standard Class,KH-16690,Kristen Hastings,Corporate,United States,Springfield,Virginia,22153.0,South,OFF-PA-10000675,Office Supplies,Paper,Xerox 1919,122.97,3,0.0,60.255300000000005,2015,3
7586,7587,CA-2015-163223,2015-03-21,2015-03-25,Standard Class,KH-16690,Kristen Hastings,Corporate,United States,Springfield,Virginia,22153.0,South,OFF-AR-10001573,Office Supplies,Art,American Pencil,9.32,4,0.0,2.702799999999999,2015,3
8344,8345,US-2015-155544,2015-03-21,2015-03-25,Standard Class,GM-14440,Gary McGarr,Consumer,United States,Knoxville,Tennessee,37918.0,South,FUR-FU-10001473,Furniture,Furnishings,DAX Wood Document Frame,32.952000000000005,3,0.2,6.590399999999999,2015,3
8343,8344,US-2015-155544,2015-03-21,2015-03-25,Standard Class,GM-14440,Gary McGarr,Consumer,United States,Knoxville,Tennessee,37918.0,South,OFF-LA-10004544,Office Supplies,Labels,Avery 505,59.20000000000001,5,0.2,22.199999999999996,2015,3
7583,7584,CA-2015-163223,2015-03-21,2015-03-25,Standard Class,KH-16690,Kristen Hastings,Corporate,United States,Springfield,Virginia,22153.0,South,TEC-PH-10000730,Technology,Phones,Samsung Galaxy S4 Active,3499.9300000000003,7,0.0,909.9818000000002,2015,3
196,197,CA-2015-140004,2015-03-21,2015-03-25,Standard Class,CB-12025,Cassandra Brandow,Consumer,United States,Hamilton,Ohio,45011.0,East,OFF-AR-10004027,Office Supplies,Art,"Binney & Smith inkTank Erasable Desk Highlighter, Chisel Tip, Yellow, 12/Box",6.048,3,0.2,1.5876000000000006,2015,3
195,196,CA-2015-140004,2015-03-21,2015-03-25,Standard Class,CB-12025,Cassandra Brandow,Consumer,United States,Hamilton,Ohio,45011.0,East,OFF-AR-10004685,Office Supplies,Art,"Binney & Smith Crayola Metallic Colored Pencils, 8-Color Set",7.408,2,0.2,1.2037999999999995,2015,3
5460,5461,US-2015-107405,2015-03-21,2015-03-25,Standard Class,TS-21205,Thomas Seio,Corporate,United States,Asheville,North Carolina,28806.0,South,OFF-ST-10002301,Office Supplies,Storage,Tennsco Commercial Shelving,16.272000000000002,1,0.2,-3.864600000000002,2015,3
7584,7585,CA-2015-163223,2015-03-21,2015-03-25,Standard Class,KH-16690,Kristen Hastings,Corporate,United States,Springfield,Virginia,22153.0,South,OFF-LA-10004409,Office Supplies,Labels,Avery 492,14.399999999999999,5,0.0,6.623999999999999,2015,3
2871,2872,CA-2015-148040,2015-03-22,2015-03-26,Standard Class,BF-11275,Beth Fritzler,Corporate,United States,Tucson,Arizona,85705.0,West,FUR-CH-10001482,Furniture,Chairs,Office Star - Mesh Screen back chair with Vinyl seat,314.352,3,0.2,-35.36460000000001,2015,3
1768,1769,US-2015-158057,2015-03-22,2015-03-26,Standard Class,CC-12685,Craig Carroll,Consumer,United States,Greensboro,North Carolina,27405.0,South,OFF-BI-10002735,Office Supplies,Binders,GBC Prestige Therm-A-Bind Covers,51.46500000000002,5,0.7,-39.45649999999999,2015,3
2870,2871,CA-2015-148040,2015-03-22,2015-03-26,Standard Class,BF-11275,Beth Fritzler,Corporate,United States,Tucson,Arizona,85705.0,West,OFF-PA-10002581,Office Supplies,Paper,Xerox 1951,74.352,3,0.2,23.234999999999992,2015,3
1767,1768,US-2015-158057,2015-03-22,2015-03-26,Standard Class,CC-12685,Craig Carroll,Consumer,United States,Greensboro,North Carolina,27405.0,South,OFF-BI-10004410,Office Supplies,Binders,"C-Line Peel & Stick Add-On Filing Pockets, 8-3/4 x 5-1/8, 10/Pack",7.644000000000001,4,0.7,-5.8603999999999985,2015,3
4340,4341,US-2015-129609,2015-03-22,2015-03-22,Same Day,VM-21835,Vivian Mathis,Consumer,United States,Portage,Indiana,46368.0,Central,OFF-AR-10003478,Office Supplies,Art,"Avery Hi-Liter EverBold Pen Style Fluorescent Highlighters, 4/Pack",16.28,2,0.0,6.5120000000000005,2015,3
6590,6591,CA-2015-164749,2015-03-23,2015-03-26,First Class,BG-11740,Bruce Geld,Consumer,United States,Delray Beach,Florida,33445.0,South,OFF-LA-10004484,Office Supplies,Labels,Avery 476,9.912,3,0.2,3.2213999999999996,2015,3
3555,3556,CA-2015-120838,2015-03-23,2015-03-26,Second Class,PO-18865,Patrick O'Donnell,Consumer,United States,Los Angeles,California,90036.0,West,TEC-PH-10003484,Technology,Phones,Ooma Telo VoIP Home Phone System,604.752,6,0.2,37.797000000000025,2015,3
3554,3555,CA-2015-120838,2015-03-23,2015-03-26,Second Class,PO-18865,Patrick O'Donnell,Consumer,United States,Los Angeles,California,90036.0,West,OFF-ST-10000585,Office Supplies,Storage,Economy Rollaway Files,330.4,2,0.0,85.904,2015,3
7801,7802,CA-2015-143637,2015-03-24,2015-03-29,Second Class,MS-17710,Maurice Satty,Consumer,United States,Fresno,California,93727.0,West,FUR-FU-10002813,Furniture,Furnishings,"DAX Contemporary Wood Frame with Silver Metal Mat, Desktop, 11 x 14 Size",40.48,2,0.0,14.572799999999997,2015,3
4479,4480,CA-2015-147235,2015-03-24,2015-03-28,Standard Class,CD-11920,Carlos Daly,Consumer,United States,New York City,New York,10024.0,East,OFF-PA-10004948,Office Supplies,Paper,Xerox 190,24.900000000000002,5,0.0,11.703000000000001,2015,3
2432,2433,CA-2015-148586,2015-03-25,2015-04-01,Standard Class,AZ-10750,Annie Zypern,Consumer,United States,New York City,New York,10009.0,East,FUR-CH-10002439,Furniture,Chairs,"Iceberg Nesting Folding Chair, 19w x 6d x 43h",366.786,7,0.1,65.2064,2015,3
9306,9307,CA-2015-128237,2015-03-25,2015-03-30,Standard Class,CA-12265,Christina Anderson,Consumer,United States,San Francisco,California,94110.0,West,OFF-AR-10003829,Office Supplies,Art,Newell 35,6.56,2,0.0,1.9023999999999992,2015,3
9307,9308,CA-2015-128237,2015-03-25,2015-03-30,Standard Class,CA-12265,Christina Anderson,Consumer,United States,San Francisco,California,94110.0,West,OFF-AR-10003338,Office Supplies,Art,"Eberhard Faber 3 1/2"" Golf Pencils",14.88,2,0.0,3.7200000000000006,2015,3
9308,9309,CA-2015-128237,2015-03-25,2015-03-30,Standard Class,CA-12265,Christina Anderson,Consumer,United States,San Francisco,California,94110.0,West,TEC-AC-10002558,Technology,Accessories,Imation Swivel Flash Drive USB flash drive - 8 GB,45.48,4,0.0,15.918,2015,3
9309,9310,CA-2015-128237,2015-03-25,2015-03-30,Standard Class,CA-12265,Christina Anderson,Consumer,United States,San Francisco,California,94110.0,West,OFF-AR-10000034,Office Supplies,Art,"BIC Brite Liner Grip Highlighters, Assorted, 5/Pack",25.44,6,0.0,9.9216,2015,3
9659,9660,CA-2015-100860,2015-03-26,2015-03-30,Second Class,CS-12505,Cindy Stewart,Consumer,United States,Pomona,California,91767.0,West,OFF-LA-10001982,Office Supplies,Labels,Smead Alpha-Z Color-Coded Name Labels First Letter Starter Set,18.75,5,0.0,9.0,2015,3
4244,4245,CA-2015-138436,2015-03-26,2015-03-30,Standard Class,JD-15895,Jonathan Doherty,Corporate,United States,Los Angeles,California,90036.0,West,TEC-AC-10002323,Technology,Accessories,SanDisk Ultra 32 GB MicroSDHC Class 10 Memory Card,66.30000000000001,3,0.0,8.619000000000003,2015,3
9051,9052,CA-2015-141838,2015-03-26,2015-03-31,Second Class,DK-12835,Damala Kotsonis,Corporate,United States,San Francisco,California,94122.0,West,OFF-AR-10004272,Office Supplies,Art,Newell 308,3.36,2,0.0,0.8399999999999999,2015,3
9052,9053,CA-2015-141838,2015-03-26,2015-03-31,Second Class,DK-12835,Damala Kotsonis,Corporate,United States,San Francisco,California,94122.0,West,OFF-BI-10003291,Office Supplies,Binders,Wilson Jones Leather-Like Binders with DublLock Round Rings,27.936000000000003,4,0.2,9.428399999999996,2015,3
9053,9054,CA-2015-141838,2015-03-26,2015-03-31,Second Class,DK-12835,Damala Kotsonis,Corporate,United States,San Francisco,California,94122.0,West,TEC-PH-10004100,Technology,Phones,Griffin GC17055 Auxiliary Audio Cable,28.784,2,0.2,2.878400000000001,2015,3
7840,7841,US-2015-137869,2015-03-28,2015-04-02,Standard Class,CV-12295,Christina VanderZanden,Consumer,United States,Des Moines,Iowa,50315.0,Central,FUR-TA-10003954,Furniture,Tables,Hon 94000 Series Round Tables,1184.72,4,0.0,106.62480000000005,2015,3
8463,8464,CA-2015-100881,2015-03-28,2015-04-01,Standard Class,DR-12940,Daniel Raglin,Home Office,United States,Albuquerque,New Mexico,87105.0,West,TEC-PH-10003273,Technology,Phones,AT&T TR1909W,302.376,3,0.2,22.678200000000018,2015,3
9899,9900,US-2015-117380,2015-03-28,2015-04-03,Standard Class,MP-18175,Mike Pelletier,Home Office,United States,Springfield,Ohio,45503.0,East,FUR-TA-10000198,Furniture,Tables,Chromcraft Bull-Nose Wood Oval Conference Tables & Bases,330.588,1,0.4,-143.25480000000002,2015,3
7839,7840,US-2015-137869,2015-03-28,2015-04-02,Standard Class,CV-12295,Christina VanderZanden,Consumer,United States,Des Moines,Iowa,50315.0,Central,OFF-EN-10001509,Office Supplies,Envelopes,Poly String Tie Envelopes,6.12,3,0.0,2.8763999999999994,2015,3
7305,7306,CA-2015-137274,2015-03-29,2015-04-02,Standard Class,MG-18145,Mike Gockenbach,Consumer,United States,Plano,Texas,75023.0,Central,FUR-TA-10001889,Furniture,Tables,Bush Advantage Collection Racetrack Conference Table,890.8409999999999,3,0.3,-152.7156,2015,3
7630,7631,CA-2015-162089,2015-03-30,2015-04-01,First Class,MP-17470,Mark Packer,Home Office,United States,Brownsville,Texas,78521.0,Central,TEC-PH-10001819,Technology,Phones,Innergie mMini Combo Duo USB Travel Charging Kit,251.94400000000002,7,0.2,88.18039999999998,2015,3
8430,8431,US-2015-113124,2015-03-30,2015-04-05,Standard Class,NC-18340,Nat Carroll,Consumer,United States,Apple Valley,Minnesota,55124.0,Central,OFF-ST-10001511,Office Supplies,Storage,Space Solutions Commercial Steel Shelving,129.3,2,0.0,6.464999999999989,2015,3
7631,7632,CA-2015-162089,2015-03-30,2015-04-01,First Class,MP-17470,Mark Packer,Home Office,United States,Brownsville,Texas,78521.0,Central,FUR-CH-10002304,Furniture,Chairs,"Global Stack Chair without Arms, Black",127.30199999999999,7,0.3,-9.092999999999996,2015,3
5283,5284,CA-2015-133424,2015-03-30,2015-04-04,Standard Class,Dl-13600,Dorris liebe,Corporate,United States,Seattle,Washington,98105.0,West,OFF-ST-10002957,Office Supplies,Storage,Sterilite Show Offs Storage Containers,15.84,3,0.0,0.0,2015,3
5284,5285,CA-2015-133424,2015-03-30,2015-04-04,Standard Class,Dl-13600,Dorris liebe,Corporate,United States,Seattle,Washington,98105.0,West,OFF-LA-10002312,Office Supplies,Labels,Avery 490,44.400000000000006,3,0.0,22.200000000000003,2015,3
5953,5954,US-2015-105151,2015-03-30,2015-03-31,First Class,SG-20890,Susan Gilcrest,Corporate,United States,New York City,New York,10009.0,East,OFF-AR-10001231,Office Supplies,Art,"Sanford EarthWrite Recycled Pencils, Medium Soft, #2",10.5,5,0.0,2.9400000000000004,2015,3
7629,7630,CA-2015-162089,2015-03-30,2015-04-01,First Class,MP-17470,Mark Packer,Home Office,United States,Brownsville,Texas,78521.0,Central,OFF-EN-10002230,Office Supplies,Envelopes,Airmail Envelopes,335.72,5,0.2,113.3055,2015,3
2896,2897,CA-2015-169033,2015-03-30,2015-04-03,Standard Class,KM-16720,Kunst Miller,Consumer,United States,Long Beach,New York,11561.0,East,OFF-AR-10001915,Office Supplies,Art,Peel-Off China Markers,49.65,5,0.0,20.853,2015,3
6138,6139,CA-2015-131247,2015-03-30,2015-04-04,Standard Class,GA-14725,Guy Armstrong,Consumer,United States,San Francisco,California,94110.0,West,FUR-BO-10001337,Furniture,Bookcases,O'Sullivan Living Dimensions 2-Shelf Bookcases,205.666,2,0.15,-12.097999999999999,2015,3
9566,9567,CA-2015-130428,2015-03-31,2015-03-31,Same Day,TG-21640,Trudy Glocke,Consumer,United States,Tampa,Florida,33614.0,South,OFF-BI-10001636,Office Supplies,Binders,Ibico Plastic and Wire Spiral Binding Combs,12.645000000000001,5,0.7,-10.116,2015,3
9567,9568,CA-2015-130428,2015-03-31,2015-03-31,Same Day,TG-21640,Trudy Glocke,Consumer,United States,Tampa,Florida,33614.0,South,OFF-AR-10004027,Office Supplies,Art,"Binney & Smith inkTank Erasable Desk Highlighter, Chisel Tip, Yellow, 12/Box",4.032,2,0.2,1.0584000000000002,2015,3
9565,9566,CA-2015-130428,2015-03-31,2015-03-31,Same Day,TG-21640,Trudy Glocke,Consumer,United States,Tampa,Florida,33614.0,South,FUR-CH-10002965,Furniture,Chairs,"Global Leather Highback Executive Chair with Pneumatic Height Adjustment, Black",1125.4879999999998,7,0.2,98.48020000000008,2015,3
5479,5480,CA-2015-101770,2015-03-31,2015-04-04,Standard Class,KB-16240,Karen Bern,Corporate,United States,Miami,Florida,33180.0,South,OFF-BI-10001097,Office Supplies,Binders,Avery Hole Reinforcements,1.8690000000000004,1,0.7,-1.3082999999999996,2015,3
5049,5050,US-2015-104759,2015-03-31,2015-04-04,Standard Class,DD-13570,Dorothy Dickinson,Consumer,United States,Chicago,Illinois,60610.0,Central,TEC-AC-10004901,Technology,Accessories,Kensington SlimBlade Notebook Wireless Mouse with Nano Receiver,79.98400000000001,2,0.2,13.9972,2015,3
4711,4712,CA-2015-112403,2015-03-31,2015-03-31,Same Day,JO-15280,Jas O'Carroll,Consumer,United States,Philadelphia,Pennsylvania,19120.0,East,OFF-BI-10003529,Office Supplies,Binders,Avery Round Ring Poly Binders,0.8520000000000001,1,0.7,-0.5963999999999998,2015,3
2230,2231,CA-2015-128055,2015-03-31,2015-04-05,Standard Class,AA-10315,Alex Avila,Consumer,United States,San Francisco,California,94122.0,West,OFF-AP-10002765,Office Supplies,Appliances,Fellowes Advanced Computer Series Surge Protectors,52.98,2,0.0,14.834400000000002,2015,3
5048,5049,US-2015-104759,2015-03-31,2015-04-04,Standard Class,DD-13570,Dorothy Dickinson,Consumer,United States,Chicago,Illinois,60610.0,Central,OFF-BI-10002071,Office Supplies,Binders,Fellowes Black Plastic Comb Bindings,8.133999999999999,7,0.8,-13.827800000000003,2015,3
2229,2230,CA-2015-128055,2015-03-31,2015-04-05,Standard Class,AA-10315,Alex Avila,Consumer,United States,San Francisco,California,94122.0,West,OFF-BI-10004390,Office Supplies,Binders,GBC DocuBind 200 Manual Binding Machine,673.5680000000001,2,0.2,252.588,2015,3
